{
  "matches": [
    {
      "date": "22-Mar-25",
      "start": "7:30 PM",
      "venue": "Kolkata",
      "home": "Kolkata Knight Riders",
      "away": "Royal Challengers Bengaluru",
      "gameday_id": 1
    },
    {
      "date": "23-Mar-25",
      "start": "3:30 PM",
      "venue": "Hyderabad",
      "home": "Sunrisers Hyderabad",
      "away": "Rajasthan Royals",
      "gameday_id": 2
    },
    {
      "date": "23-Mar-25",
      "start": "7:30 PM",
      "venue": "Chennai",
      "home": "Chennai Super Kings",
      "away": "Mumbai Indians",
      "gameday_id": 3
    },
    {
      "date": "24-Mar-25",
      "start": "7:30 PM",
      "venue": "Visakhapatnam",
      "home": "Delhi Capitals",
      "away": "Lucknow Super Giants",
      "gameday_id": 4
    },
    {
      "date": "25-Mar-25",
      "start": "7:30 PM",
      "venue": "Ahmedabad",
      "home": "Gujarat Titans",
      "away": "Punjab Kings",
      "gameday_id": 5
    },
    {
      "date": "26-Mar-25",
      "start": "7:30 PM",
      "venue": "Guwahati",
      "home": "Rajasthan Royals",
      "away": "Kolkata Knight Riders",
      "gameday_id": 6
    },
    {
      "date": "27-Mar-25",
      "start": "7:30 PM",
      "venue": "Hyderabad",
      "home": "Sunrisers Hyderabad",
      "away": "Lucknow Super Giants",
      "gameday_id": 7
    },
    {
      "date": "28-Mar-25",
      "start": "7:30 PM",
      "venue": "Chennai",
      "home": "Chennai Super Kings",
      "away": "Royal Challengers Bengaluru",
      "gameday_id": 8
    },
    {
      "date": "29-Mar-25",
      "start": "7:30 PM",
      "venue": "Ahmedabad",
      "home": "Gujarat Titans",
      "away": "Mumbai Indians",
      "gameday_id": 9
    },
    {
      "date": "30-Mar-25",
      "start": "3:30 PM",
      "venue": "Visakhapatnam",
      "home": "Delhi Capitals",
      "away": "Sunrisers Hyderabad",
      "gameday_id": 10
    },
    {
      "date": "30-Mar-25",
      "start": "7:30 PM",
      "venue": "Guwahati",
      "home": "Rajasthan Royals",
      "away": "Chennai Super Kings",
      "gameday_id": 11
    },
    {
      "date": "31-Mar-25",
      "start": "7:30 PM",
      "venue": "Mumbai",
      "home": "Mumbai Indians",
      "away": "Kolkata Knight Riders",
      "gameday_id": 12
    },
    {
      "date": "01-Apr-25",
      "start": "7:30 PM",
      "venue": "Lucknow",
      "home": "Lucknow Super Giants",
      "away": "Punjab Kings",
      "gameday_id": 13
    },
    {
      "date": "02-Apr-25",
      "start": "7:30 PM",
      "venue": "Bengaluru",
      "home": "Royal Challengers Bengaluru",
      "away": "Gujarat Titans",
      "gameday_id": 14
    },
    {
      "date": "03-Apr-25",
      "start": "7:30 PM",
      "venue": "Kolkata",
      "home": "Kolkata Knight Riders",
      "away": "Sunrisers Hyderabad",
      "gameday_id": 15
    },
    {
      "date": "04-Apr-25",
      "start": "7:30 PM",
      "venue": "Lucknow",
      "home": "Lucknow Super Giants",
      "away": "Mumbai Indians",
      "gameday_id": 16
    },
    {
      "date": "05-Apr-25",
      "start": "3:30 PM",
      "venue": "Chennai",
      "home": "Chennai Super Kings",
      "away": "Delhi Capitals",
      "gameday_id": 17
    },
    {
      "date": "05-Apr-25",
      "start": "7:30 PM",
      "venue": "Mohali",
      "home": "Punjab Kings",
      "away": "Rajasthan Royals",
      "gameday_id": 18
    },
    {
      "date": "06-Apr-25",
      "start": "3:30 PM",
      "venue": "Kolkata",
      "home": "Kolkata Knight Riders",
      "away": "Lucknow Super Giants",
      "gameday_id": 19
    },
    {
      "date": "06-Apr-25",
      "start": "7:30 PM",
      "venue": "Hyderabad",
      "home": "Sunrisers Hyderabad",
      "away": "Gujarat Titans",
      "gameday_id": 20
    },
    {
      "date": "07-Apr-25",
      "start": "7:30 PM",
      "venue": "Mumbai",
      "home": "Mumbai Indians",
      "away": "Royal Challengers Bengaluru",
      "gameday_id": 21
    },
    {
      "date": "08-Apr-25",
      "start": "7:30 PM",
      "venue": "Mohali",
      "home": "Punjab Kings",
      "away": "Chennai Super Kings",
      "gameday_id": 22
    },
    {
      "date": "09-Apr-25",
      "start": "7:30 PM",
      "venue": "Ahmedabad",
      "home": "Gujarat Titans",
      "away": "Rajasthan Royals",
      "gameday_id": 23
    },
    {
      "date": "10-Apr-25",
      "start": "7:30 PM",
      "venue": "Bengaluru",
      "home": "Royal Challengers Bengaluru",
      "away": "Delhi Capitals",
      "gameday_id": 24
    },
    {
      "date": "11-Apr-25",
      "start": "7:30 PM",
      "venue": "Chennai",
      "home": "Chennai Super Kings",
      "away": "Kolkata Knight Riders",
      "gameday_id": 25
    },
    {
      "date": "12-Apr-25",
      "start": "3:30 PM",
      "venue": "Lucknow",
      "home": "Lucknow Super Giants",
      "away": "Gujarat Titans",
      "gameday_id": 26
    },
    {
      "date": "12-Apr-25",
      "start": "7:30 PM",
      "venue": "Hyderabad",
      "home": "Sunrisers Hyderabad",
      "away": "Punjab Kings",
      "gameday_id": 27
    },
    {
      "date": "13-Apr-25",
      "start": "3:30 PM",
      "venue": "Jaipur",
      "home": "Rajasthan Royals",
      "away": "Royal Challengers Bengaluru",
      "gameday_id": 28
    },
    {
      "date": "13-Apr-25",
      "start": "7:30 PM",
      "venue": "Delhi",
      "home": "Delhi Capitals",
      "away": "Mumbai Indians",
      "gameday_id": 29
    },
    {
      "date": "14-Apr-25",
      "start": "7:30 PM",
      "venue": "Lucknow",
      "home": "Lucknow Super Giants",
      "away": "Chennai Super Kings",
      "gameday_id": 30
    },
    {
      "date": "15-Apr-25",
      "start": "7:30 PM",
      "venue": "Mohali",
      "home": "Punjab Kings",
      "away": "Kolkata Knight Riders",
      "gameday_id": 31
    },
    {
      "date": "16-Apr-25",
      "start": "7:30 PM",
      "venue": "Delhi",
      "home": "Delhi Capitals",
      "away": "Rajasthan Royals",
      "gameday_id": 32
    },
    {
      "date": "17-Apr-25",
      "start": "7:30 PM",
      "venue": "Mumbai",
      "home": "Mumbai Indians",
      "away": "Sunrisers Hyderabad",
      "gameday_id": 33
    },
    {
      "date": "18-Apr-25",
      "start": "7:30 PM",
      "venue": "Bengaluru",
      "home": "Royal Challengers Bengaluru",
      "away": "Punjab Kings",
      "gameday_id": 34
    },
    {
      "date": "19-Apr-25",
      "start": "3:30 PM",
      "venue": "Ahmedabad",
      "home": "Gujarat Titans",
      "away": "Delhi Capitals",
      "gameday_id": 35
    },
    {
      "date": "19-Apr-25",
      "start": "7:30 PM",
      "venue": "Jaipur",
      "home": "Rajasthan Royals",
      "away": "Lucknow Super Giants",
      "gameday_id": 36
    },
    {
      "date": "20-Apr-25",
      "start": "3:30 PM",
      "venue": "Mohali",
      "home": "Punjab Kings",
      "away": "Royal Challengers Bengaluru",
      "gameday_id": 37
    },
    {
      "date": "20-Apr-25",
      "start": "7:30 PM",
      "venue": "Mumbai",
      "home": "Mumbai Indians",
      "away": "Chennai Super Kings",
      "gameday_id": 38
    },
    {
      "date": "21-Apr-25",
      "start": "7:30 PM",
      "venue": "Kolkata",
      "home": "Kolkata Knight Riders",
      "away": "Gujarat Titans",
      "gameday_id": 39
    },
    {
      "date": "22-Apr-25",
      "start": "7:30 PM",
      "venue": "Lucknow",
      "home": "Lucknow Super Giants",
      "away": "Delhi Capitals",
      "gameday_id": 40
    },
    {
      "date": "23-Apr-25",
      "start": "7:30 PM",
      "venue": "Hyderabad",
      "home": "Sunrisers Hyderabad",
      "away": "Mumbai Indians",
      "gameday_id": 41
    },
    {
      "date": "24-Apr-25",
      "start": "7:30 PM",
      "venue": "Bengaluru",
      "home": "Royal Challengers Bengaluru",
      "away": "Rajasthan Royals",
      "gameday_id": 42
    },
    {
      "date": "25-Apr-25",
      "start": "7:30 PM",
      "venue": "Chennai",
      "home": "Chennai Super Kings",
      "away": "Sunrisers Hyderabad",
      "gameday_id": 43
    },
    {
      "date": "26-Apr-25",
      "start": "7:30 PM",
      "venue": "Kolkata",
      "home": "Kolkata Knight Riders",
      "away": "Punjab Kings",
      "gameday_id": 44
    },
    {
      "date": "27-Apr-25",
      "start": "3:30 PM",
      "venue": "Mumbai",
      "home": "Mumbai Indians",
      "away": "Lucknow Super Giants",
      "gameday_id": 45
    },
    {
      "date": "27-Apr-25",
      "start": "7:30 PM",
      "venue": "Delhi",
      "home": "Delhi Capitals",
      "away": "Royal Challengers Bengaluru",
      "gameday_id": 46
    },
    {
      "date": "28-Apr-25",
      "start": "7:30 PM",
      "venue": "Jaipur",
      "home": "Rajasthan Royals",
      "away": "Gujarat Titans",
      "gameday_id": 47
    },
    {
      "date": "29-Apr-25",
      "start": "7:30 PM",
      "venue": "Delhi",
      "home": "Delhi Capitals",
      "away": "Kolkata Knight Riders",
      "gameday_id": 48
    },
    {
      "date": "30-Apr-25",
      "start": "7:30 PM",
      "venue": "Chennai",
      "home": "Chennai Super Kings",
      "away": "Punjab Kings",
      "gameday_id": 49
    },
    {
      "date": "01-May-25",
      "start": "7:30 PM",
      "venue": "Jaipur",
      "home": "Rajasthan Royals",
      "away": "Mumbai Indians",
      "gameday_id": 50
    },
    {
      "date": "02-May-25",
      "start": "7:30 PM",
      "venue": "Ahmedabad",
      "home": "Gujarat Titans",
      "away": "Sunrisers Hyderabad",
      "gameday_id": 51
    },
    {
      "date": "03-May-25",
      "start": "7:30 PM",
      "venue": "Bengaluru",
      "home": "Royal Challengers Bengaluru",
      "away": "Chennai Super Kings",
      "gameday_id": 52
    },
    {
      "date": "04-May-25",
      "start": "3:30 PM",
      "venue": "Kolkata",
      "home": "Kolkata Knight Riders",
      "away": "Rajasthan Royals",
      "gameday_id": 53
    },
    {
      "date": "04-May-25",
      "start": "7:30 PM",
      "venue": "Dharamsala",
      "home": "Punjab Kings",
      "away": "Lucknow Super Giants",
      "gameday_id": 54
    },
    {
      "date": "05-May-25",
      "start": "7:30 PM",
      "venue": "Hyderabad",
      "home": "Sunrisers Hyderabad",
      "away": "Delhi Capitals",
      "gameday_id": 55
    },
    {
      "date": "06-May-25",
      "start": "7:30 PM",
      "venue": "Mumbai",
      "home": "Mumbai Indians",
      "away": "Gujarat Titans",
      "gameday_id": 56
    },
    {
      "date": "07-May-25",
      "start": "7:30 PM",
      "venue": "Kolkata",
      "home": "Kolkata Knight Riders",
      "away": "Chennai Super Kings",
      "gameday_id": 57
    },
    {
      "date": "08-May-25",
      "start": "7:30 PM",
      "venue": "Dharamsala",
      "home": "Punjab Kings",
      "away": "Delhi Capitals",
      "gameday_id": 58
    },
    {
      "date": "09-May-25",
      "start": "7:30 PM",
      "venue": "Lucknow",
      "home": "Lucknow Super Giants",
      "away": "Royal Challengers Bengaluru",
      "gameday_id": 59
    },
    {
      "date": "10-May-25",
      "start": "7:30 PM",
      "venue": "Hyderabad",
      "home": "Sunrisers Hyderabad",
      "away": "Kolkata Knight Riders",
      "gameday_id": 60
    },
    {
      "date": "11-May-25",
      "start": "3:30 PM",
      "venue": "Dharamsala",
      "home": "Punjab Kings",
      "away": "Mumbai Indians",
      "gameday_id": 61
    },
    {
      "date": "11-May-25",
      "start": "7:30 PM",
      "venue": "Delhi",
      "home": "Delhi Capitals",
      "away": "Gujarat Titans",
      "gameday_id": 62
    },
    {
      "date": "12-May-25",
      "start": "7:30 PM",
      "venue": "Chennai",
      "home": "Chennai Super Kings",
      "away": "Rajasthan Royals",
      "gameday_id": 63
    },
    {
      "date": "13-May-25",
      "start": "7:30 PM",
      "venue": "Bengaluru",
      "home": "Royal Challengers Bengaluru",
      "away": "Sunrisers Hyderabad",
      "gameday_id": 64
    },
    {
      "date": "14-May-25",
      "start": "7:30 PM",
      "venue": "Ahmedabad",
      "home": "Gujarat Titans",
      "away": "Lucknow Super Giants",
      "gameday_id": 65
    },
    {
      "date": "15-May-25",
      "start": "7:30 PM",
      "venue": "Mumbai",
      "home": "Mumbai Indians",
      "away": "Delhi Capitals",
      "gameday_id": 66
    },
    {
      "date": "16-May-25",
      "start": "7:30 PM",
      "venue": "Jaipur",
      "home": "Rajasthan Royals",
      "away": "Punjab Kings",
      "gameday_id": 67
    },
    {
      "date": "17-May-25",
      "start": "7:30 PM",
      "venue": "Bengaluru",
      "home": "Royal Challengers Bengaluru",
      "away": "Kolkata Knight Riders",
      "gameday_id": 68
    },
    {
      "date": "18-May-25",
      "start": "3:30 PM",
      "venue": "Ahmedabad",
      "home": "Gujarat Titans",
      "away": "Chennai Super Kings",
      "gameday_id": 69
    },
    {
      "date": "18-May-25",
      "start": "7:30 PM",
      "venue": "Lucknow",
      "home": "Lucknow Super Giants",
      "away": "Sunrisers Hyderabad",
      "gameday_id": 70
    }
  ],
  "teams": {
    "CSK": "Chennai Super Kings",
    "DC": "Delhi Capitals",
    "GT": "Gujarat Titans",
    "KKR": "Kolkata Knight Riders",
    "LSG": "Lucknow Super Giants",
    "MI": "Mumbai Indians",
    "PBKS": "Punjab Kings",
    "RR": "Rajasthan Royals",
    "RCB": "Royal Challengers Bengaluru",
    "SRH": "Sunrisers Hyderabad"
  },
  "playoffs": {
    "qualifier1": {
      "date": "20-May-25",
      "venue": "Hyderabad",
      "gameday_id": 71
    },
    "eliminator": {
      "date": "21-May-25",
      "venue": "Hyderabad",
      "gameday_id": 72
    },
    "qualifier2": {
      "date": "23-May-25",
      "venue": "Kolkata",
      "gameday_id": 73
    },
    "final": {
      "date": "25-May-25",
      "venue": "Kolkata",
      "gameday_id": 74
    }
  }
}
